Genome,Ave_fit,Std_fit,Ave_thr,Std_thr,Seed,Num_Learning,Num_Mating
"[1, 1, 0]",4.670570924990805,5.191299828635851,6.416020951700376,2.111639374608991,41170,2,1
"[1, 1, 1]",0.0,0.0,6.414306694835103,2.097087185374835,3909,3,0
"[1, 0, 0]",7.178188432842612,5.286428563206934,6.397063604463806,2.6148400070857174,87495,1,2
"[1, 0, 1]",4.6722970301239215,4.938795217377341,6.4515775976094565,2.2559155833048394,73688,2,1
