Genome,Ave_fit,Std_fit,Ave_thr,Std_thr,Seed,Num_Learning,Num_Mating
"[1, 1, 0]",6.573706173236389,8.908676034874262,9.66375319694365,3.6772967974523363,87951,2,1
"[1, 1, 1]",0.0,0.0,9.131501879133973,3.7611354648379964,38787,3,0
"[1, 0, 0]",10.08670503739017,9.194103293599493,10.11510852497972,4.913595412344118,55508,1,2
"[1, 0, 1]",7.038179584619271,8.471111125378327,9.983275405733972,3.8071832747481977,92118,2,1
