Genome,Ave_fit,Std_fit,Ave_thr,Std_thr,Seed,Num_Learning,Num_Mating
"[1, 1, 0]",4.30118155766909,5.013650728536233,6.744251675772683,2.308524054767153,61417,2,1
"[1, 1, 1]",0.0,0.0,6.667494286421239,2.5389008599618954,26750,3,0
"[1, 0, 0]",6.68811777835215,4.777981679087648,6.642081511511584,2.257417488312334,40196,1,2
"[1, 0, 1]",4.4580603251017665,5.075045541085755,6.4165358657826985,1.9983282284475299,79828,2,1
