Genome,Ave_fit,Std_fit,Ave_thr,Std_thr,Seed,Num_Learning,Num_Mating
"[1, 1, 0]",2.50995215525121,2.846072106903718,4.991867531002668,0.6216823702405729,98284,2,1
"[1, 1, 1]",0.0,0.0,5.044329752900752,0.573705874009875,73775,3,0
"[1, 0, 0]",4.076413057442319,2.5034020638052707,4.946309193950578,0.5349771703053099,4464,1,2
"[1, 0, 1]",2.8401380421438374,2.901166267798815,4.943115848621845,0.5363550827831634,12653,2,1
