Genome,Ave_fit,Std_fit,Ave_thr,Std_thr,Seed,Num_Learning,Num_Mating
"[1, 1, 0]",7.464231447971502,9.685763699543177,10.188919609866373,4.437910887881377,86743,2,1
"[1, 1, 1]",0.0,0.0,9.78955667354628,4.071727165282472,1859,3,0
"[1, 0, 0]",9.133348898545146,8.57521073024891,10.139677486756705,3.9093387923386005,88901,1,2
"[1, 0, 1]",7.207510568706166,8.164359031043956,10.049513789256759,4.360548147566948,40749,2,1
