Genome,Ave_fit,Std_fit,Ave_thr,Std_thr,Seed,Num_Learning,Num_Mating
"[1, 1, 0]",3.378840911149952,2.901627133378799,5.078725590663443,0.5238845604379161,66213,2,1
"[1, 1, 1]",0.0,0.0,5.066020689920046,0.509179220058044,78503,3,0
"[1, 0, 0]",3.7261753539801092,2.7190495578348264,5.023646771565616,0.56708721173549,27533,1,2
"[1, 0, 1]",2.637997822432252,2.801814713259856,4.983054993521041,0.5871048028129411,71744,2,1
